{"Reverse": [[32, 64, 96, 128], [2, 0.25, 0.25, 0.25], [62, 94, 134, 260], [100.0, 100.0, 100.0, 100.0]], "TreasureHunt": [[256, 512, 768, 1024], [0.25, 0.25, 0.25, 0.25], [469, 1885, 2815, 4274], [100.0, 100.0, 100.0, 100.0]], "FlipFlop": [[32, 64, 96, 128], [1.5, 3, 3, 3], [495, 12002, 12003, 12003], [100.0, 98.4126984126984, 98.94736842105263, 96.8503937007874]]}