{"readings": {"RHC": {"20": 174, "40": 424, "60": 1018, "80": 13425}, "SA": {"20": 174, "40": 1110, "60": 1018, "80": 5026}, "GA": {"20": 450, "40": 2410, "60": 9850, "80": 14530}, "MIMIC": {"20": 1801, "40": 8001, "60": 19601, "80": 76801}}, "timings": {"RHC": {"20": 0.0013661384582519531, "40": 0.00463414192199707, "60": 0.014166116714477539, "80": 0.23235797882080078}, "SA": {"20": 0.0015611648559570312, "40": 0.013347148895263672, "60": 0.015223979949951172, "80": 0.09218478202819824}, "GA": {"20": 0.012260198593139648, "40": 0.09889984130859375, "60": 0.5332741737365723, "80": 1.0046110153198242}, "MIMIC": {"20": 0.3090360164642334, "40": 2.811455011367798, "60": 11.509793758392334, "80": 65.62118601799011}}}