{"readings": {"RHC": {"20": 1300, "40": 22515, "60": 25446, "80": 100037}, "SA": {"20": 837, "40": 10053, "60": 6320, "80": 59784}, "GA": {"20": 10060, "40": 3700, "60": 32260, "80": 100120}, "MIMIC": {"20": 1201, "40": 2101, "60": 11501, "80": 10001}}, "timings": {"RHC": {"20": 0.003177165985107422, "40": 0.0768580436706543, "60": 0.1147909164428711, "80": 0.5675420761108398}, "SA": {"20": 0.002733945846557617, "40": 0.04154706001281738, "60": 0.033743858337402344, "80": 0.3851151466369629}, "GA": {"20": 0.2503340244293213, "40": 0.10237812995910645, "60": 0.9896087646484375, "80": 3.598515033721924}, "MIMIC": {"20": 0.17390990257263184, "40": 0.6782760620117188, "60": 5.418049097061157, "80": 6.625128746032715}}}