{"SixPeaks": [[20, 40, 60, 80], [200, 200, 500, 400], [3601, 27601, 100001, 120401], [100.0, 100.0, 100.0, 82.11920529801324]], "TreasureHunt": [[100, 200, 300, 400], [200, 200, 200, 200], [201, 1001, 1401, 1601], [100.0, 100.0, 100.0, 100.0]], "FlipFlop": [[20, 40, 60, 80], [200, 400, 200, 300], [1001, 4001, 120201, 120301], [100.0, 100.0, 98.30508474576271, 97.46835443037975]]}