{"SixPeaks": [[20, 40, 60, 80], [300, 200, 200, 200], [2101, 19001, 120201, 120201], [100.0, 100.0, 97.34513274336283, 85.43046357615894]], "TreasureHunt": [[100, 200, 300, 400], [200, 200, 200, 200], [201, 801, 1201, 1601], [100.0, 100.0, 100.0, 100.0]], "FlipFlop": [[20, 40, 60, 80], [200, 400, 500, 500], [801, 3601, 6501, 120501], [100.0, 100.0, 100.0, 98.73417721518987]]}