{
  "RHC": {
    "0.2": {
      "train_time": 47.06,
      "train_loss": 30.438164360502345,
      "test_loss": 0.06391901631851934,
      "train_auprc": 0.6413932747637496,
      "test_auprc": 0.6508025582829093
    },
    "0.4": {
      "train_time": 94.79,
      "train_loss": 5.163406360503733,
      "test_loss": 46.29118163320855,
      "train_auprc": 0.5386573531456307,
      "test_auprc": 0.541780845732706
    },
    "0.6": {
      "train_time": 137.68,
      "train_loss": 13.084507990473,
      "test_loss": 9.975406791277107,
      "train_auprc": 0.6053228585915298,
      "test_auprc": 0.5992852041947683
    },
    "0.8": {
      "train_time": 188.72,
      "train_loss": 26.44679276110861,
      "test_loss": 2.32265235323223,
      "train_auprc": 0.6062204902778552,
      "test_auprc": 0.6134658162143948
    }
  },
  "SA": {
    "0.2": {
      "train_time": 11.06,
      "train_loss": 8.790895573432286,
      "test_loss": 28.85084178710627,
      "train_auprc": 0.5670982647827875,
      "test_auprc": 0.5745429473690955
    },
    "0.4": {
      "train_time": 21.13,
      "train_loss": 15.775541147285283,
      "test_loss": 12.491459681561345,
      "train_auprc": 0.5589753265643166,
      "test_auprc": 0.5691437616062078
    },
    "0.6": {
      "train_time": 31.23,
      "train_loss": 14.039420970785638,
      "test_loss": 13.649197500697866,
      "train_auprc": 0.6330278848371368,
      "test_auprc": 0.6213436946361955
    },
    "0.8": {
      "train_time": 40.48,
      "train_loss": 6.534515667770077,
      "test_loss": 66.69462326150352,
      "train_auprc": 0.4934652483270407,
      "test_auprc": 0.4960846196728689
    }
  },
  "GA": {
    "0.2": {
      "train_time": 148.5,
      "train_loss": 3.736905302000565,
      "test_loss": -0.0,
      "train_auprc": 0.7186403226685507,
      "test_auprc": 0.7049727568826427
    },
    "0.4": {
      "train_time": 223.27,
      "train_loss": 3.4669902507471897,
      "test_loss": -0.0,
      "train_auprc": 0.7131383049047932,
      "test_auprc": 0.6994841801264412
    },
    "0.6": {
      "train_time": 268.95,
      "train_loss": 3.548225168394533,
      "test_loss": -0.0,
      "train_auprc": 0.7148564005672546,
      "test_auprc": 0.7120000327261073
    },
    "0.8": {
      "train_time": 413.13,
      "train_loss": 3.6242224045496547,
      "test_loss": -0.0,
      "train_auprc": 0.6982642776159741,
      "test_auprc": 0.6962400219496397
    }
  },
  "GD": {
    "0.2": {
      "train_time": 3.7,
      "train_loss": 0.6931471805599452,
      "test_loss": 0.6931471805599453,
      "train_auprc": 0.75,
      "test_auprc": 0.75
    },
    "0.4": {
      "train_time": 7.93,
      "train_loss": 0.6931471805599453,
      "test_loss": 0.6931471805599453,
      "train_auprc": 0.75,
      "test_auprc": 0.75
    },
    "0.6": {
      "train_time": 11.65,
      "train_loss": 0.6931471805599453,
      "test_loss": 0.6931471805599454,
      "train_auprc": 0.75,
      "test_auprc": 0.4997313473215326
    },
    "0.8": {
      "train_time": 13.21,
      "train_loss": 0.6931471805599452,
      "test_loss": 0.6931471805599453,
      "train_auprc": 0.75,
      "test_auprc": 0.750014393475021
    }
  }
}
