{
  "RHC": {
    "0.2": {
      "train_time": 47.06,
      "train_loss": 30.438164360502345,
      "test_loss": 10.06391901631852,
      "train_auprc": 0.6413932747637496,
      "test_auprc": 0.6508025582829093
    },
    "0.4": {
      "train_time": 94.79,
      "train_loss": 5.163406360503733,
      "test_loss": 2.29118163320855,
      "train_auprc": 0.5386573531456307,
      "test_auprc": 0.541780845732706
    },
    "0.6": {
      "train_time": 137.68,
      "train_loss": 13.084507990473,
      "test_loss": 9.975406791277107,
      "train_auprc": 0.6053228585915298,
      "test_auprc": 0.5992852041947683
    },
    "0.8": {
      "train_time": 188.72,
      "train_loss": 26.44679276110861,
      "test_loss": 14.32265235323223,
      "train_auprc": 0.6062204902778552,
      "test_auprc": 0.6134658162143948
    },
    "1.0": {
      "train_time": 214.22,
      "train_loss": 10.567864115693308,
      "test_loss": 9.681424376978192,
      "train_auprc": 0.568332204713679,
      "test_auprc": 0.5681589979083013
    }
  },
  "SA": {
    "0.2": {
      "train_time": 10.49,
      "train_loss": 23.390823535822292,
      "test_loss": 8.616343842254684,
      "train_auprc": 0.7122714234384642,
      "test_auprc": 0.7213398472034593
    },
    "0.4": {
      "train_time": 20.58,
      "train_loss": 9.726590037561392,
      "test_loss": 4.303561307356045,
      "train_auprc": 0.49657915527414614,
      "test_auprc": 0.4924409255091297
    },
    "0.6": {
      "train_time": 29.78,
      "train_loss": 3.973391382698789,
      "test_loss": 1.4415444288742767,
      "train_auprc": 0.5257415843499319,
      "test_auprc": 0.529996187660782
    },
    "0.8": {
      "train_time": 40.37,
      "train_loss": 5.805195479184051,
      "test_loss": 2.521974885416375,
      "train_auprc": 0.5186347540762417,
      "test_auprc": 0.516974346120686
    },
    "1.0": {
      "train_time": 50.89,
      "train_loss": 24.886076334123644,
      "test_loss": 12.156021293461523,
      "train_auprc": 0.6596182058542248,
      "test_auprc": 0.6507446325358893
    }
  },
  "GA": {
    "0.2": {
      "train_time": 148.5,
      "train_loss": 3.736905302000565,
      "test_loss": 1.499027617885622,
      "train_auprc": 0.7186403226685507,
      "test_auprc": 0.7049727568826427
    },
    "0.4": {
      "train_time": 223.27,
      "train_loss": 3.4669902507471897,
      "test_loss": 1.1381012837084579,
      "train_auprc": 0.7131383049047932,
      "test_auprc": 0.6994841801264412
    },
    "0.6": {
      "train_time": 268.95,
      "train_loss": 3.548225168394533,
      "test_loss": 1.0591912064913012,
      "train_auprc": 0.7148564005672546,
      "test_auprc": 0.7120000327261073
    },
    "0.8": {
      "train_time": 413.13,
      "train_loss": 3.6242224045496547,
      "test_loss": 2.115199458236194,
      "train_auprc": 0.6982642776159741,
      "test_auprc": 0.6962400219496397
    },
    "1.0": {
      "train_time": 782.08,
      "train_loss": 3.513635639354342,
      "test_loss": 2.644313551990214,
      "train_auprc": 0.7150540502663499,
      "test_auprc": 0.7011609072486434
    }
  },
  "GD": {
    "0.2": {
      "train_time": 3.81,
      "train_loss": 0.6931471805599452,
      "test_loss": 0.6931271807599427,
      "train_auprc": 0.75,
      "test_auprc": 0.75
    },
    "0.4": {
      "train_time": 7.12,
      "train_loss": 0.6928226383963303,
      "test_loss": 0.6916126785442619,
      "train_auprc": 0.7456047232300276,
      "test_auprc": 0.750129659917081
    },
    "0.6": {
      "train_time": 10.43,
      "train_loss": 0.6931471805599453,
      "test_loss": 0.6931271807599427,
      "train_auprc": 0.75,
      "test_auprc": 0.75
    },
    "0.8": {
      "train_time": 15.92,
      "train_loss": 0.6931471805599452,
      "test_loss": 0.6944405818626632,
      "train_auprc": 0.75,
      "test_auprc": 0.74999928036735903
    },
    "1.0": {
      "train_time": 21.31,
      "train_loss": 0.6919270732314937,
      "test_loss": 0.6924540686640847,
      "train_auprc": 0.7501054712702806,
      "test_auprc": 0.7500575936497063
    }
  }
}
