{
  "SixPeaks": [
    [20, 40, 60, 80],
    [25, 10, 25, 25],
    [365, 3490, 27025, 120045],
    [100.0, 100.0, 100.0, 99.33774834437087]
  ],
  "TreasureHunt": [
    [100, 200, 300, 400],
    [10, 10, 10, 10],
    [42, 122, 242, 842],
    [100.0, 100.0, 100.0, 100.0]
  ],
  "FlipFlop": [
    [20, 40, 60, 80],
    [25, 100, 200, 100],
    [365, 5780, 48040, 120180],
    [100.0, 100.0, 100.0, 97.46835443037975]
  ]
}
