{"SixPeaks": [[20, 40, 60, 80], [10, 10, 10, 10], [410, 6050, 58498, 120014], [100.0, 100.0, 100.0, 94.70198675496688]], "TreasureHunt": [[100, 200, 300, 400], [10, 10, 10, 25], [50, 94, 254, 1835], [100.0, 100.0, 100.0, 100.0]], "FlipFlop": [[20, 40, 60, 80], [50, 100, 25, 200], [510, 6460, 120035, 120280], [100.0, 100.0, 98.30508474576271, 97.46835443037975]]}