{
  "SixPeaks": [
    [20, 40, 60, 80],
    [25, 25, 10, 10],
    [235, 4495, 31594, 120016],
    [100.0, 100.0, 100.0, 94.70198675496688]
  ],
  "TreasureHunt": [
    [100, 200, 300, 400],
    [10, 10, 10, 25],
    [34, 154, 442, 1300],
    [100.0, 100.0, 100.0, 100.0]
  ],
  "FlipFlop": [
    [20, 40, 60, 80],
    [10, 100, 100, 50],
    [544, 3700, 32260, 120080],
    [100.0, 100.0, 100.0, 96.20253164556962]
  ]
}
