{"SixPeaks": [[20, 40, 60, 80], [25, 25, 10, 10], [190, 2035, 2758, 12772], [100.0, 100.0, 100.0, 100.0]], "TreasureHunt": [[100, 200, 300, 400], [25, 25, 25, 10], [55, 85, 250, 256], [100.0, 100.0, 100.0, 100.0]], "FlipFlop": [[20, 40, 60, 80], [100, 100, 50, 10], [940, 45100, 120080, 120016], [100.0, 100.0, 98.30508474576271, 96.20253164556962]]}