{"SixPeaks": [[20, 40, 60, 80], [25, 10, 25, 25], [485, 1458, 6905, 24105], [100.0, 100.0, 100.0, 100.0]], "TreasureHunt": [[100, 200, 300, 400], [10, 10, 10, 10], [58, 122, 166, 442], [100.0, 100.0, 100.0, 100.0]], "FlipFlop": [[20, 40, 60, 80], [50, 10, 25, 50], [690, 120014, 120035, 120070], [100.0, 97.43589743589743, 94.91525423728814, 96.20253164556962]]}