{"SixPeaks": [[20, 40, 60, 80], [50, 50, 10, 10], [650, 1370, 2754, 8970], [100.0, 100.0, 100.0, 100.0]], "TreasureHunt": [[100, 200, 300, 400], [10, 25, 25, 10], [82, 105, 165, 186], [100.0, 100.0, 100.0, 100.0]], "FlipFlop": [[20, 40, 60, 80], [25, 10, 200, 200], [165, 120018, 120360, 120360], [100.0, 94.87179487179488, 96.61016949152543, 96.20253164556962]]}