{"SixPeaks": [[20, 40, 60, 80], [40, 100, 100, 80], [132, 2186, 120055, 120030], [100.0, 100.0, 80.53097345132744, 66.2251655629139]], "TreasureHunt": [[100, 200, 300, 400], [80, 100, 100, 80], [200, 3376, 1729, 68395], [100.0, 100.0, 100.0, 100.0]], "FlipFlop": [[20, 40, 60, 80], [60, 100, 100, 100], [1133, 27154, 120002, 120038], [100.0, 100.0, 93.22033898305085, 92.40506329113924]]}