{"Reverse": [[32, 64, 96, 128], [40, 40, 40, 60], [100.0, 100.0, 100.0, 100.0]], "TreasureHunt": [[256, 512, 768, 1024], [80, 100, 100, 100], [100.0, 92.15686274509804, 94.73684210526315, 90.19607843137256]], "FlipFlop": [[32, 64, 96, 128], [40, 20, 80, 100], [96.7741935483871, 93.65079365079364, 88.42105263157895, 90.5511811023622]]}