{"Reverse": [[32, 64, 96, 128], [40, 40, 40, 60], [62, 94, 134, 260], [100.0, 100.0, 100.0, 100.0]], "TreasureHunt": [[256, 512, 768, 1024], [80, 100, 100, 100], [3267, 12043, 12039, 12014], [100.0, 92.15686274509804, 94.73684210526315, 90.19607843137256]], "FlipFlop": [[32, 64, 96, 128], [40, 20, 80, 100], [12036, 12004, 12016, 12004], [96.7741935483871, 93.65079365079364, 88.42105263157895, 90.5511811023622]]}