{"SixPeaks": [[20, 40, 60, 80], [300, 300, 400, 300], [1801, 120301, 120401, 120301], [100.0, 96.0, 80.53097345132744, 68.87417218543047]], "TreasureHunt": [[100, 200, 300, 400], [100, 100, 100, 100], [101, 401, 401, 501], [100.0, 100.0, 100.0, 100.0]], "FlipFlop": [[20, 40, 60, 80], [300, 400, 200, 400], [901, 2401, 120201, 120401], [100.0, 100.0, 96.61016949152543, 97.46835443037975]]}