{"SixPeaks": [[20, 40, 60, 80], [400, 500, 600, 600], [1201, 8001, 120601, 120601], [100.0, 100.0, 84.95575221238938, 84.76821192052981]], "TreasureHunt": [[100, 200, 300, 400], [200, 200, 200, 200], [201, 601, 801, 1201], [100.0, 100.0, 100.0, 100.0]], "FlipFlop": [[20, 40, 60, 80], [200, 300, 600, 500], [1001, 2401, 6001, 120501], [100.0, 100.0, 100.0, 98.73417721518987]]}