{"SixPeaks": [[20, 40, 60, 80], [200, 400, 100, 400], [2801, 120401, 120101, 120401], [100.0, 88.0, 75.22123893805309, 72.18543046357615]], "TreasureHunt": [[100, 200, 300, 400], [100, 100, 100, 100], [101, 701, 701, 1101], [100.0, 100.0, 100.0, 100.0]], "FlipFlop": [[20, 40, 60, 80], [200, 100, 400, 400], [1201, 120101, 120401, 120401], [100.0, 97.43589743589743, 98.30508474576271, 97.46835443037975]]}