{"SixPeaks": [[20, 40, 60, 80], [300, 400, 300, 300], [2101, 120401, 120301, 120301], [100.0, 97.33333333333333, 84.95575221238938, 78.80794701986756]], "TreasureHunt": [[100, 200, 300, 400], [100, 100, 100, 100], [101, 501, 601, 901], [100.0, 100.0, 100.0, 100.0]], "FlipFlop": [[20, 40, 60, 80], [200, 300, 300, 300], [801, 3301, 120301, 120301], [100.0, 100.0, 94.91525423728814, 94.9367088607595]]}