{"SixPeaks": [[20, 40, 60, 80], [200, 200, 600, 600], [1801, 120201, 120601, 120601], [100.0, 94.66666666666667, 92.03539823008849, 90.72847682119205]], "TreasureHunt": [[100, 200, 300, 400], [200, 200, 200, 200], [201, 1001, 1201, 1801], [100.0, 100.0, 100.0, 100.0]], "FlipFlop": [[20, 40, 60, 80], [200, 400, 500, 400], [1001, 3601, 9001, 120401], [100.0, 100.0, 100.0, 97.46835443037975]]}