{"Reverse": [[32, 64, 96, 128], [40, 40, 40, 60], [100.0, 100.0, 100.0, 100.0]], "TreasureHunt": [[256, 512, 768, 1024], [20, 20, 20, 20], [100.0, 100.0, 100.0, 100.0]], "FlipFlop": [[32, 64, 96, 128], [80, 100, 80, 100], [100.0, 98.4126984126984, 98.94736842105263, 97.63779527559055]]}